{
  "phase": "0_baseline",
  "model": "svdpp.pkl (ml-latest-small)",
  "dataset": "ml-latest-small",
  "individual": {
    "n_users": 21,
    "n_holdout_total": 742,
    "top_n": 50,
    "ndcg_at_10": 0.06260646077502939,
    "ndcg_at_50": 0.08112362545466124,
    "recall_at_10": 0.02366809590529267,
    "recall_at_50": 0.07445036568976958,
    "catalog_coverage_at_50": 0.08201601313898584,
    "gini_popularity_at_50": 0.6309800519061427,
    "intra_list_diversity_at_10": 0.8165012177710592,
    "extras": {}
  },
  "group": {
    "average": {
      "strategy": "average",
      "n_members": 3,
      "n_holdout_total": 63,
      "top_n": 50,
      "avg_per_member_ndcg_at_10": 0.05114208799547873,
      "fairness_cv_at_10": 1.414213562373095,
      "avg_per_member_recall_at_50": 0.015873015873015872,
      "intra_list_diversity_at_10": 0.904232804232804,
      "catalog_coverage_at_50": 0.005132416341613631,
      "gini_popularity_at_50": 0.7016397849462365,
      "extras": {}
    },
    "least_misery": {
      "strategy": "least_misery",
      "n_members": 3,
      "n_holdout_total": 63,
      "top_n": 50,
      "avg_per_member_ndcg_at_10": 0.05114208799547873,
      "fairness_cv_at_10": 1.414213562373095,
      "avg_per_member_recall_at_50": 0.015873015873015872,
      "intra_list_diversity_at_10": 0.904232804232804,
      "catalog_coverage_at_50": 0.005132416341613631,
      "gini_popularity_at_50": 0.7101837985023827,
      "extras": {}
    },
    "most_pleasure": {
      "strategy": "most_pleasure",
      "n_members": 3,
      "n_holdout_total": 63,
      "top_n": 50,
      "avg_per_member_ndcg_at_10": 0.05114208799547873,
      "fairness_cv_at_10": 1.414213562373095,
      "avg_per_member_recall_at_50": 0.015873015873015872,
      "intra_list_diversity_at_10": 0.8853439153439151,
      "catalog_coverage_at_50": 0.005132416341613631,
      "gini_popularity_at_50": 0.7022994652406418,
      "extras": {}
    },
    "consensus": {
      "strategy": "consensus",
      "n_members": 3,
      "n_holdout_total": 63,
      "top_n": 50,
      "avg_per_member_ndcg_at_10": 0.0,
      "fairness_cv_at_10": 0.0,
      "avg_per_member_recall_at_50": 0.015873015873015872,
      "intra_list_diversity_at_10": 0.7847795414462082,
      "catalog_coverage_at_50": 0.005132416341613631,
      "gini_popularity_at_50": 0.7045586592178771,
      "extras": {}
    },
    "hybrid": {
      "strategy": "hybrid",
      "n_members": 3,
      "n_holdout_total": 63,
      "top_n": 50,
      "avg_per_member_ndcg_at_10": 0.0,
      "fairness_cv_at_10": 0.0,
      "avg_per_member_recall_at_50": 0.015873015873015872,
      "intra_list_diversity_at_10": 0.790652557319224,
      "catalog_coverage_at_50": 0.005132416341613631,
      "gini_popularity_at_50": 0.7045586592178771,
      "extras": {}
    }
  },
  "config": {
    "top_n": 50,
    "holdout_frac": 0.2,
    "n_individual_users": 21,
    "n_group_members": 3
  }
}