{
  "phase": "3_at_scale",
  "dataset": "ml-32m",
  "model": {
    "svd": "svd_full_slim.pkl",
    "als": "als_full.pkl"
  },
  "config": {
    "n_users": 200,
    "n_groups": 30,
    "group_size": 3,
    "min_ratings": 50,
    "top_n": 30,
    "holdout_frac": 0.2,
    "bootstrap_n": 1000,
    "modes": [
      "balanced",
      "calibrated"
    ],
    "strategies": [
      "average",
      "group_taste_vector"
    ],
    "group_modes": [
      "balanced",
      "calibrated"
    ],
    "seed": 42
  },
  "individual": {
    "balanced": {
      "ndcg_at_10": {
        "mean": 0.15717330115146674,
        "lower": 0.13441405476684984,
        "upper": 0.18138519474356274,
        "n": 200
      },
      "ndcg_at_50": {
        "mean": 0.1394921048667764,
        "lower": 0.12016066241741175,
        "upper": 0.15930504404556867,
        "n": 200
      },
      "recall_at_10": {
        "mean": 0.06800679839704919,
        "lower": 0.05566693046349321,
        "upper": 0.08076335711901793,
        "n": 200
      },
      "recall_at_50": {
        "mean": 0.10659338381380586,
        "lower": 0.08998185316871206,
        "upper": 0.12305453652468297,
        "n": 200
      },
      "intra_list_diversity_at_10": {
        "mean": 0.8332440183273516,
        "lower": 0.8249282544384628,
        "upper": 0.8407771678090429,
        "n": 200
      }
    },
    "calibrated": {
      "ndcg_at_10": {
        "mean": 0.12688790309922246,
        "lower": 0.11034184088081478,
        "upper": 0.14692706864843588,
        "n": 200
      },
      "ndcg_at_50": {
        "mean": 0.13370558203798083,
        "lower": 0.11885098541660095,
        "upper": 0.15084669087085045,
        "n": 200
      },
      "recall_at_10": {
        "mean": 0.06906372481318566,
        "lower": 0.05718083082755876,
        "upper": 0.08141102311094647,
        "n": 200
      },
      "recall_at_50": {
        "mean": 0.13202645082527978,
        "lower": 0.11406867089595431,
        "upper": 0.15088457645584077,
        "n": 200
      },
      "intra_list_diversity_at_10": {
        "mean": 0.7455749284665952,
        "lower": 0.7361427173675089,
        "upper": 0.7548831777481779,
        "n": 200
      }
    }
  },
  "group": {
    "average": {
      "balanced": {
        "avg_per_member_ndcg_at_10": {
          "mean": 0.07676729838220599,
          "lower": 0.050714664435745065,
          "upper": 0.10320275669888816,
          "n": 30
        },
        "avg_per_member_recall_at_50": {
          "mean": 0.049834321208656496,
          "lower": 0.0370949638414469,
          "upper": 0.06324786183565352,
          "n": 30
        },
        "fairness_cv_at_10": {
          "mean": 0.6763922856168937,
          "lower": 0.5010576194244216,
          "upper": 0.8675841018736945,
          "n": 30
        },
        "intra_list_diversity_at_10": {
          "mean": 0.6973403612848057,
          "lower": 0.6710835571321684,
          "upper": 0.722738142002031,
          "n": 30
        }
      },
      "calibrated": {
        "avg_per_member_ndcg_at_10": {
          "mean": 0.07569541927554854,
          "lower": 0.050046325096845624,
          "upper": 0.10181180341991744,
          "n": 30
        },
        "avg_per_member_recall_at_50": {
          "mean": 0.051225478043084006,
          "lower": 0.03877105836675208,
          "upper": 0.06397009996281698,
          "n": 30
        },
        "fairness_cv_at_10": {
          "mean": 0.6552478710959146,
          "lower": 0.49629149426951574,
          "upper": 0.8418482476449065,
          "n": 30
        },
        "intra_list_diversity_at_10": {
          "mean": 0.6993353642242531,
          "lower": 0.67376184196462,
          "upper": 0.7255820793918017,
          "n": 30
        }
      }
    },
    "group_taste_vector": {
      "balanced": {
        "avg_per_member_ndcg_at_10": {
          "mean": 0.04385577204034052,
          "lower": 0.023540704371240225,
          "upper": 0.0660533441877168,
          "n": 30
        },
        "avg_per_member_recall_at_50": {
          "mean": 0.027473295872161838,
          "lower": 0.017310873364945044,
          "upper": 0.040209298462742314,
          "n": 30
        },
        "fairness_cv_at_10": {
          "mean": 0.7128897179706597,
          "lower": 0.4965504059601431,
          "upper": 0.9477701114534832,
          "n": 30
        },
        "intra_list_diversity_at_10": {
          "mean": 0.8477330447330449,
          "lower": 0.8290947898295123,
          "upper": 0.863728710384266,
          "n": 30
        }
      },
      "calibrated": {
        "avg_per_member_ndcg_at_10": {
          "mean": 0.04879000463933631,
          "lower": 0.036463649918869016,
          "upper": 0.06369131127301335,
          "n": 30
        },
        "avg_per_member_recall_at_50": {
          "mean": 0.0340580436090752,
          "lower": 0.022666904152070868,
          "upper": 0.047377047558625755,
          "n": 30
        },
        "fairness_cv_at_10": {
          "mean": 1.035517532346027,
          "lower": 0.8541318523911104,
          "upper": 1.196740635740823,
          "n": 30
        },
        "intra_list_diversity_at_10": {
          "mean": 0.7846090000534446,
          "lower": 0.7676703309550533,
          "upper": 0.8015101825129605,
          "n": 30
        }
      }
    }
  },
  "runtime_seconds": 319.3124237060547
}