{
  "phase": "1_reranker",
  "model": {
    "svd": "svdpp.pkl",
    "als": "als_small.pkl"
  },
  "dataset": "ml-latest-small",
  "config": {
    "top_n": 50,
    "holdout_frac": 0.2,
    "n_individual_users": 21,
    "n_group_members": 3
  },
  "baseline": {
    "individual": {
      "n_users": 21,
      "n_holdout_total": 742,
      "top_n": 50,
      "ndcg_at_10": 0.06260646077502939,
      "ndcg_at_50": 0.08112362545466124,
      "recall_at_10": 0.02366809590529267,
      "recall_at_50": 0.07445036568976958,
      "catalog_coverage_at_50": 0.08201601313898584,
      "gini_popularity_at_50": 0.6309800519061427,
      "intra_list_diversity_at_10": 0.8165012177710592,
      "extras": {}
    },
    "group": {
      "average": {
        "strategy": "average",
        "n_members": 3,
        "n_holdout_total": 63,
        "top_n": 50,
        "avg_per_member_ndcg_at_10": 0.05114208799547873,
        "fairness_cv_at_10": 1.414213562373095,
        "avg_per_member_recall_at_50": 0.015873015873015872,
        "intra_list_diversity_at_10": 0.9042328042328042,
        "catalog_coverage_at_50": 0.005132416341613631,
        "gini_popularity_at_50": 0.7016397849462365,
        "extras": {}
      },
      "least_misery": {
        "strategy": "least_misery",
        "n_members": 3,
        "n_holdout_total": 63,
        "top_n": 50,
        "avg_per_member_ndcg_at_10": 0.05114208799547873,
        "fairness_cv_at_10": 1.414213562373095,
        "avg_per_member_recall_at_50": 0.015873015873015872,
        "intra_list_diversity_at_10": 0.9042328042328042,
        "catalog_coverage_at_50": 0.005132416341613631,
        "gini_popularity_at_50": 0.7022341857335128,
        "extras": {}
      },
      "most_pleasure": {
        "strategy": "most_pleasure",
        "n_members": 3,
        "n_holdout_total": 63,
        "top_n": 50,
        "avg_per_member_ndcg_at_10": 0.05114208799547873,
        "fairness_cv_at_10": 1.414213562373095,
        "avg_per_member_recall_at_50": 0.015873015873015872,
        "intra_list_diversity_at_10": 0.8853439153439153,
        "catalog_coverage_at_50": 0.005132416341613631,
        "gini_popularity_at_50": 0.7022994652406418,
        "extras": {}
      },
      "consensus": {
        "strategy": "consensus",
        "n_members": 3,
        "n_holdout_total": 63,
        "top_n": 50,
        "avg_per_member_ndcg_at_10": 0.0,
        "fairness_cv_at_10": 0.0,
        "avg_per_member_recall_at_50": 0.015873015873015872,
        "intra_list_diversity_at_10": 0.7847795414462082,
        "catalog_coverage_at_50": 0.005132416341613631,
        "gini_popularity_at_50": 0.7045586592178771,
        "extras": {}
      },
      "hybrid": {
        "strategy": "hybrid",
        "n_members": 3,
        "n_holdout_total": 63,
        "top_n": 50,
        "avg_per_member_ndcg_at_10": 0.0,
        "fairness_cv_at_10": 0.0,
        "avg_per_member_recall_at_50": 0.015873015873015872,
        "intra_list_diversity_at_10": 0.790652557319224,
        "catalog_coverage_at_50": 0.005132416341613631,
        "gini_popularity_at_50": 0.7045586592178771,
        "extras": {}
      }
    }
  },
  "reranker": {
    "individual": {
      "balanced": {
        "n_users": 21,
        "n_holdout_total": 742,
        "top_n": 50,
        "ndcg_at_10": 0.21644225090634683,
        "ndcg_at_50": 0.22437212646152366,
        "recall_at_10": 0.08617795999822642,
        "recall_at_50": 0.1908329138723881,
        "catalog_coverage_at_50": 0.09074112091972901,
        "gini_popularity_at_50": 0.8093243677684336,
        "intra_list_diversity_at_10": 0.8721710682028142,
        "extras": {}
      },
      "niche": {
        "n_users": 21,
        "n_holdout_total": 742,
        "top_n": 50,
        "ndcg_at_10": 0.06913925826878697,
        "ndcg_at_50": 0.07453744373610165,
        "recall_at_10": 0.02648046398046398,
        "recall_at_50": 0.06190197430919724,
        "catalog_coverage_at_50": 0.08879080270991582,
        "gini_popularity_at_50": 0.4245428340827857,
        "intra_list_diversity_at_10": 0.8206475182665659,
        "extras": {}
      },
      "popular": {
        "n_users": 21,
        "n_holdout_total": 742,
        "top_n": 50,
        "ndcg_at_10": 0.3249810559467342,
        "ndcg_at_50": 0.35642212293838443,
        "recall_at_10": 0.1488554122782999,
        "recall_at_50": 0.33630964957481624,
        "catalog_coverage_at_50": 0.06846643399712585,
        "gini_popularity_at_50": 0.5137382435079008,
        "intra_list_diversity_at_10": 0.8182249555265428,
        "extras": {}
      },
      "serendipitous": {
        "n_users": 21,
        "n_holdout_total": 742,
        "top_n": 50,
        "ndcg_at_10": 0.11818044968568979,
        "ndcg_at_50": 0.13305668629313752,
        "recall_at_10": 0.04895509942093793,
        "recall_at_50": 0.12365833647524341,
        "catalog_coverage_at_50": 0.08981728597823856,
        "gini_popularity_at_50": 0.7828556405210102,
        "intra_list_diversity_at_10": 0.927940325400643,
        "extras": {}
      }
    },
    "group": {
      "average": {
        "balanced": {
          "strategy": "average",
          "n_members": 3,
          "n_holdout_total": 63,
          "top_n": 50,
          "avg_per_member_ndcg_at_10": 0.0,
          "fairness_cv_at_10": 0.0,
          "avg_per_member_recall_at_50": 0.0,
          "intra_list_diversity_at_10": 0.7418005451338784,
          "catalog_coverage_at_50": 0.005132416341613631,
          "gini_popularity_at_50": 0.7893729372937294,
          "extras": {}
        },
        "niche": {
          "strategy": "average",
          "n_members": 3,
          "n_holdout_total": 63,
          "top_n": 50,
          "avg_per_member_ndcg_at_10": 0.0,
          "fairness_cv_at_10": 0.0,
          "avg_per_member_recall_at_50": 0.0,
          "intra_list_diversity_at_10": 0.7577681577681576,
          "catalog_coverage_at_50": 0.005132416341613631,
          "gini_popularity_at_50": 0.0681481481481481,
          "extras": {}
        }
      },
      "least_misery": {
        "balanced": {
          "strategy": "least_misery",
          "n_members": 3,
          "n_holdout_total": 63,
          "top_n": 50,
          "avg_per_member_ndcg_at_10": 0.0,
          "fairness_cv_at_10": 0.0,
          "avg_per_member_recall_at_50": 0.0,
          "intra_list_diversity_at_10": 0.7467724867724866,
          "catalog_coverage_at_50": 0.005132416341613631,
          "gini_popularity_at_50": 0.7743243243243243,
          "extras": {}
        },
        "niche": {
          "strategy": "least_misery",
          "n_members": 3,
          "n_holdout_total": 63,
          "top_n": 50,
          "avg_per_member_ndcg_at_10": 0.0,
          "fairness_cv_at_10": 0.0,
          "avg_per_member_recall_at_50": 0.0,
          "intra_list_diversity_at_10": 0.767847522847523,
          "catalog_coverage_at_50": 0.005132416341613631,
          "gini_popularity_at_50": 0.0681481481481481,
          "extras": {}
        }
      },
      "most_pleasure": {
        "balanced": {
          "strategy": "most_pleasure",
          "n_members": 3,
          "n_holdout_total": 63,
          "top_n": 50,
          "avg_per_member_ndcg_at_10": 0.08390258628915358,
          "fairness_cv_at_10": 1.0230388619056512,
          "avg_per_member_recall_at_50": 0.10697032436162872,
          "intra_list_diversity_at_10": 0.7576479076479076,
          "catalog_coverage_at_50": 0.005132416341613631,
          "gini_popularity_at_50": 0.7740821256038647,
          "extras": {}
        },
        "niche": {
          "strategy": "most_pleasure",
          "n_members": 3,
          "n_holdout_total": 63,
          "top_n": 50,
          "avg_per_member_ndcg_at_10": 0.0,
          "fairness_cv_at_10": 0.0,
          "avg_per_member_recall_at_50": 0.0,
          "intra_list_diversity_at_10": 0.6850120250120252,
          "catalog_coverage_at_50": 0.005132416341613631,
          "gini_popularity_at_50": 0.16622950819672128,