{
  "phase": "1_reranker",
  "model": {
    "svd": "svd_full.pkl",
    "als": "als_full.pkl"
  },
  "dataset": "ml-latest-small",
  "config": {
    "top_n": 50,
    "holdout_frac": 0.2,
    "n_individual_users": 21,
    "n_group_members": 3
  },
  "reranker": {
    "individual": {
      "balanced": {
        "n_users": 21,
        "n_holdout_total": 1201,
        "top_n": 50,
        "ndcg_at_10": 0.15490990715630581,
        "ndcg_at_50": 0.1538824302979473,
        "recall_at_10": 0.04978260058310149,
        "recall_at_50": 0.11811769030687923,
        "catalog_coverage_at_50": 0.01032140206656391,
        "gini_popularity_at_50": 0.8328024519282604,
        "intra_list_diversity_at_10": 0.8310141856967255,
        "extras": {}
      },
      "niche": {
        "n_users": 21,
        "n_holdout_total": 1201,
        "top_n": 50,
        "ndcg_at_10": 0.04991460392018632,
        "ndcg_at_50": 0.05248584137023368,
        "recall_at_10": 0.005988963090957207,
        "recall_at_50": 0.04879271745036121,
        "catalog_coverage_at_50": 0.010412741907860935,
        "gini_popularity_at_50": 0.8705398223541893,
        "intra_list_diversity_at_10": 0.8307263870755935,
        "extras": {}
      },
      "popular": {
        "n_users": 21,
        "n_holdout_total": 1201,
        "top_n": 50,
        "ndcg_at_10": 0.270765291798562,
        "ndcg_at_50": 0.2873371333565172,
        "recall_at_10": 0.11618396137300545,
        "recall_at_50": 0.2585766753765729,
        "catalog_coverage_at_50": 0.007638294228463778,
        "gini_popularity_at_50": 0.5279709468492664,
        "intra_list_diversity_at_10": 0.7681300533681488,
        "extras": {}
      },
      "serendipitous": {
        "n_users": 21,
        "n_holdout_total": 1201,
        "top_n": 50,
        "ndcg_at_10": 0.16386716858216288,
        "ndcg_at_50": 0.16761251010944658,
        "recall_at_10": 0.05070103813356027,
        "recall_at_50": 0.12495531944995228,
        "catalog_coverage_at_50": 0.010230062225266883,
        "gini_popularity_at_50": 0.828938436155289,
        "intra_list_diversity_at_10": 0.9210859047310297,
        "extras": {}
      }
    },
    "group": {
      "average": {
        "balanced": {
          "strategy": "average",
          "n_members": 3,
          "n_holdout_total": 97,
          "top_n": 50,
          "avg_per_member_ndcg_at_10": 0.04849665709498593,
          "fairness_cv_at_10": 1.1093473257139872,
          "avg_per_member_recall_at_50": 0.11014492753623188,
          "intra_list_diversity_at_10": 0.7081481481481483,
          "catalog_coverage_at_50": 0.0005708740081064109,
          "gini_popularity_at_50": 0.8242015053574164,
          "extras": {}
        },
        "niche": {
          "strategy": "average",
          "n_members": 3,
          "n_holdout_total": 97,
          "top_n": 50,
          "avg_per_member_ndcg_at_10": 0.0,
          "fairness_cv_at_10": 0.0,
          "avg_per_member_recall_at_50": 0.0,
          "intra_list_diversity_at_10": 0.6529629629629632,
          "catalog_coverage_at_50": 0.0005708740081064109,
          "gini_popularity_at_50": 0.2987181082762912,
          "extras": {}
        }
      },
      "least_misery": {
        "balanced": {
          "strategy": "least_misery",
          "n_members": 3,
          "n_holdout_total": 97,
          "top_n": 50,
          "avg_per_member_ndcg_at_10": 0.0,
          "fairness_cv_at_10": 0.0,
          "avg_per_member_recall_at_50": 0.008333333333333333,
          "intra_list_diversity_at_10": 0.5553439153439155,
          "catalog_coverage_at_50": 0.0005708740081064109,
          "gini_popularity_at_50": 0.9119137383012537,
          "extras": {}
        },
        "niche": {
          "strategy": "least_misery",
          "n_members": 3,
          "n_holdout_total": 97,
          "top_n": 50,
          "avg_per_member_ndcg_at_10": 0.0,
          "fairness_cv_at_10": 0.0,
          "avg_per_member_recall_at_50": 0.0,
          "intra_list_diversity_at_10": 0.5800000000000002,
          "catalog_coverage_at_50": 0.0005708740081064109,
          "gini_popularity_at_50": 0.3014378679888441,
          "extras": {}
        }
      },
      "most_pleasure": {
        "balanced": {
          "strategy": "most_pleasure",
          "n_members": 3,
          "n_holdout_total": 97,
          "top_n": 50,
          "avg_per_member_ndcg_at_10": 0.22458485376745507,
          "fairness_cv_at_10": 0.26361775797203424,
          "avg_per_member_recall_at_50": 0.15181159420289855,
          "intra_list_diversity_at_10": 0.6832539682539683,
          "catalog_coverage_at_50": 0.0005708740081064109,
          "gini_popularity_at_50": 0.7302223653736184,
          "extras": {}
        },
        "niche": {
          "strategy": "most_pleasure",
          "n_members": 3,
          "n_holdout_total": 97,
          "top_n": 50,
          "avg_per_member_ndcg_at_10": 0.0389648391093209,
          "fairness_cv_at_10": 1.414213562373095,
          "avg_per_member_recall_at_50": 0.05833333333333333,
          "intra_list_diversity_at_10": 0.6930952380952382,
          "catalog_coverage_at_50": 0.0005708740081064109,
          "gini_popularity_at_50": 0.9184345498208732,
          "extras": {}
        }
      },
      "consensus": {
        "balanced": {
          "strategy": "consensus",
          "n_members": 3,
          "n_holdout_total": 97,
          "top_n": 50,
          "avg_per_member_ndcg_at_10": 0.04944265351698815,
          "fairness_cv_at_10": 1.0789877059283701,
          "avg_per_member_recall_at_50": 0.05398550724637682,
          "intra_list_diversity_at_10": 0.7081481481481483,
          "catalog_coverage_at_50": 0.0005708740081064109,
          "gini_popularity_at_50": 0.8490575852597292,
          "extras": {}
        },
        "niche": {
          "strategy": "consensus",
          "n_members": 3,
          "n_holdout_total": 97,
          "top_n": 50,
          "avg_per_member_ndcg_at_10": 0.0,
          "fairness_cv_at_10": 0.0,
          "avg_per_member_recall_at_50": 0.0,
          "intra_list_diversity_at_10": 0.6514814814814818,
          "catalog_coverage_at_50": 0.0005708740081064109,
          "gini_popularity_at_50": 0.3048322981366459,
          "extras": {}
        }
      },
      "hybrid": {
        "balanced": {
          "strategy": "hybrid",
          "n_members": 3,
          "n_holdout_total": 97,
          "top_n": 50,
          "avg_per_member_ndcg_at_10": 0.03495890156085474,
          "fairness_cv_at_10": 0.9243748242836165,
          "avg_per_member_recall_at_50": 0.031159420289855074,
          "intra_list_diversity_at_10": 0.6774074074074075,
          "catalog_coverage_at_50": 0.0005708740081064109,
          "gini_popularity_at_50": 0.8630413687054924,
          "extras": {}
        },
        "niche": {
          "strategy": "hybrid",
          "n_members": 3,
          "n_holdout_total": 97,
          "top_n": 50,
          "avg_per_member_ndcg_at_10": 0.0,
          "fairness_cv_at_10": 0.0,
          "avg_per_member_recall_at_50": 0.0,
          "intra_list_diversity_at_10": 0.6855555555555559,
          "catalog_coverage_at_50": 0.0005708740081064109,
          "gini_popularity_at_50": 0.3137356668678335,
          "extras": {}
        }
      },
      "group_taste_vector": {
        "balanced": {
          "strategy": "group_taste_vector",
          "n_members": 3,
          "n_holdout_total": 97,
          "top_n": 50,
          "avg_per_member_ndcg_at_10": 0.0,
          "fairness_cv_at_10": 0.0,
          "avg_per_member_recall_at_50": 0.008333333333333333,
          "intra_list_diversity_at_10": 0.8814285714285717,
          "catalog_coverage_at_50": 0.0005708740081064109,
          "gini_popularity_at_50": 0.8252156314988981,
          "extras": {}
        },
        "niche": {
          "strategy": "group_taste_vector",
          "n_members": 3,
          "n_holdout_total": 97,
          "top_n": 50,