{
  "phase": "3_at_scale",
  "dataset": "ml-32m",
  "model": {
    "svd": "svd_full_slim.pkl",
    "als": "als_full.pkl"
  },
  "config": {
    "n_users": 200,
    "n_groups": 50,
    "group_size": 3,
    "min_ratings": 50,
    "top_n": 30,
    "holdout_frac": 0.2,
    "bootstrap_n": 1000,
    "modes": [
      "balanced",
      "niche",
      "popular",
      "serendipitous",
      "calibrated"
    ],
    "strategies": [
      "average",
      "least_misery",
      "most_pleasure",
      "hybrid",
      "group_taste_vector"
    ],
    "group_modes": [
      "balanced"
    ],
    "seed": 42
  },
  "individual": {
    "balanced": {
      "ndcg_at_10": {
        "mean": 0.15717330115146674,
        "lower": 0.13441405476684984,
        "upper": 0.18138519474356274,
        "n": 200
      },
      "ndcg_at_50": {
        "mean": 0.1394921048667764,
        "lower": 0.12016066241741175,
        "upper": 0.15930504404556867,
        "n": 200
      },
      "recall_at_10": {
        "mean": 0.06800679839704919,
        "lower": 0.05566693046349321,
        "upper": 0.08076335711901793,
        "n": 200
      },
      "recall_at_50": {
        "mean": 0.10659338381380586,
        "lower": 0.08998185316871206,
        "upper": 0.12305453652468297,
        "n": 200
      },
      "intra_list_diversity_at_10": {
        "mean": 0.8332440183273516,
        "lower": 0.8249282544384628,
        "upper": 0.8407771678090429,
        "n": 200
      },
      "catalog_coverage_at_50": {
        "point": 0.03507449905805789,
        "lower": 0.024581549352058002,
        "upper": 0.02731089798481475,
        "n": 200
      },
      "gini_popularity_at_50": {
        "point": 0.8101644535103945,
        "lower": 0.7997242171838835,
        "upper": 0.8193180029895658,
        "n": 200
      }
    },
    "niche": {
      "ndcg_at_10": {
        "mean": 0.024746480016998293,
        "lower": 0.01574719991888113,
        "upper": 0.033978476865364524,
        "n": 200
      },
      "ndcg_at_50": {
        "mean": 0.038371987532806,
        "lower": 0.029245835972379168,
        "upper": 0.04786443898726066,
        "n": 200
      },
      "recall_at_10": {
        "mean": 0.008900775636173537,
        "lower": 0.005099505862742264,
        "upper": 0.013037658068450085,
        "n": 200
      },
      "recall_at_50": {
        "mean": 0.04403756302793662,
        "lower": 0.033497783591563475,
        "upper": 0.05508761370273621,
        "n": 200
      },
      "intra_list_diversity_at_10": {
        "mean": 0.8359194732736401,
        "lower": 0.82717920579806,
        "upper": 0.8451360792332668,
        "n": 200
      },
      "catalog_coverage_at_50": {
        "point": 0.037095393046754584,
        "lower": 0.02579180224924359,
        "upper": 0.028715248044756524,
        "n": 200
      },
      "gini_popularity_at_50": {
        "point": 0.907542782787887,
        "lower": 0.8982546914860713,
        "upper": 0.9148367261233197,
        "n": 200
      }
    },
    "popular": {
      "ndcg_at_10": {
        "mean": 0.26635473469424936,
        "lower": 0.2378787103592374,
        "upper": 0.2965134336795908,
        "n": 200
      },
      "ndcg_at_50": {
        "mean": 0.2526498832831078,
        "lower": 0.23064143573811152,
        "upper": 0.27485658382010125,
        "n": 200
      },
      "recall_at_10": {
        "mean": 0.11940723822541599,
        "lower": 0.10443948124980329,
        "upper": 0.1356583995642705,
        "n": 200
      },
      "recall_at_50": {
        "mean": 0.21954333533167514,
        "lower": 0.1988065620487137,
        "upper": 0.24243998575616318,
        "n": 200
      },
      "intra_list_diversity_at_10": {
        "mean": 0.7714365359948694,
        "lower": 0.762464556878307,
        "upper": 0.7806758007655926,
        "n": 200
      },
      "catalog_coverage_at_50": {
        "point": 0.019067191870754126,
        "lower": 0.014386025004281554,
        "upper": 0.015938802306330994,
        "n": 200
      },
      "gini_popularity_at_50": {
        "point": 0.4914444715546596,
        "lower": 0.4772073989789941,
        "upper": 0.5052593349348129,
        "n": 200
      }
    },
    "serendipitous": {
      "ndcg_at_10": {
        "mean": 0.1496517428609977,
        "lower": 0.12876233054806374,
        "upper": 0.17303449436464477,
        "n": 200
      },
      "ndcg_at_50": {
        "mean": 0.1413212251453194,
        "lower": 0.12433945939594414,
        "upper": 0.1608951237711572,
        "n": 200
      },
      "recall_at_10": {
        "mean": 0.06027558637644889,
        "lower": 0.05008807480212494,
        "upper": 0.0709769926365603,
        "n": 200
      },
      "recall_at_50": {
        "mean": 0.10916519333670455,
        "lower": 0.09334634172974522,
        "upper": 0.12623566315262888,
        "n": 200
      },
      "intra_list_diversity_at_10": {
        "mean": 0.9196653760861553,
        "lower": 0.9138933583307826,
        "upper": 0.9250379760177144,
        "n": 200
      },
      "catalog_coverage_at_50": {
        "point": 0.03498315921676086,
        "lower": 0.024376320146143746,
        "upper": 0.027093680424730263,
        "n": 200
      },
      "gini_popularity_at_50": {
        "point": 0.8102281064681676,
        "lower": 0.7993678747516012,
        "upper": 0.8194509554468675,
        "n": 200
      }
    },
    "calibrated": {
      "ndcg_at_10": {
        "mean": 0.12688790309922246,
        "lower": 0.11034184088081478,
        "upper": 0.14692706864843588,
        "n": 200
      },
      "ndcg_at_50": {
        "mean": 0.13370558203798083,
        "lower": 0.11885098541660095,
        "upper": 0.15084669087085045,
        "n": 200
      },
      "recall_at_10": {
        "mean": 0.06906372481318566,
        "lower": 0.05718083082755876,
        "upper": 0.08141102311094647,
        "n": 200
      },
      "recall_at_50": {
        "mean": 0.13202645082527978,
        "lower": 0.11406867089595431,
        "upper": 0.15088457645584077,
        "n": 200
      },
      "intra_list_diversity_at_10": {
        "mean": 0.7455749284665952,
        "lower": 0.7361427173675089,
        "upper": 0.7548831777481779,
        "n": 200
      },
      "catalog_coverage_at_50": {
        "point": 0.03485756693497745,
        "lower": 0.024547011474567563,
        "upper": 0.027264942627162184,
        "n": 200
      },
      "gini_popularity_at_50": {
        "point": 0.7755010526660826,
        "lower": 0.7631439302364005,
        "upper": 0.786801110838332,
        "n": 200
      }
    }
  },
  "group": {
    "average": {
      "balanced": {
        "avg_per_member_ndcg_at_10": {
          "mean": 0.061636913252644365,
          "lower": 0.04143034546245518,
          "upper": 0.08026287734259162,
          "n": 50
        },
        "avg_per_member_recall_at_50": {
          "mean": 0.04006654695481257,
          "lower": 0.029883085404165233,
          "upper": 0.04995192579787281,
          "n": 50
        },
        "fairness_cv_at_10": {
          "mean": 0.5389704974786983,
          "lower": 0.3779729898704466,
          "upper": 0.6958926495963139,
          "n": 50
        },
        "intra_list_diversity_at_10": {
          "mean": 0.7012982202982204,
          "lower": 0.6800763159371493,
          "upper": 0.7229507868366204,
          "n": 50
        },
        "catalog_coverage_at_50": {
          "point": 0.010515499229320088,
          "lower": 0.006678940457840955,
          "upper": 0.008403265399326369,
          "n": 50
        },
        "gini_popularity_at_50": {
          "point": 0.841918178199715,
          "lower": 0.808785305773027,
          "upper": 0.8685563870872955,
          "n": 50
        }
      }
    },
    "least_misery": {
      "balanced": {
        "avg_per_member_ndcg_at_10": {
          "mean": 0.006643363517668561,
          "lower": 0.0014383913980490738,
          "upper": 0.014382874425381935,
          "n": 50
        },