{
  "phase": "3_at_scale",
  "dataset": "ml-32m",
  "model": {
    "svd": "svd_full_slim.pkl",
    "als": "als_full.pkl"
  },
  "config": {
    "n_users": 200,
    "n_groups": 50,
    "group_size": 3,
    "min_ratings": 50,
    "top_n": 30,
    "holdout_frac": 0.2,
    "bootstrap_n": 1000,
    "modes": [
      "balanced",
      "niche",
      "popular",
      "serendipitous"
    ],
    "strategies": [
      "average",
      "least_misery",
      "most_pleasure",
      "hybrid",
      "group_taste_vector"
    ],
    "group_modes": [
      "balanced"
    ],
    "seed": 42
  },
  "individual": {
    "balanced": {
      "ndcg_at_10": {
        "mean": 0.15717330115146674,
        "lower": 0.13441405476684984,
        "upper": 0.18138519474356274,
        "n": 200
      },
      "ndcg_at_50": {
        "mean": 0.1394921048667764,
        "lower": 0.12016066241741175,
        "upper": 0.15930504404556867,
        "n": 200
      },
      "recall_at_10": {
        "mean": 0.06800679839704919,
        "lower": 0.05566693046349321,
        "upper": 0.08076335711901793,
        "n": 200
      },
      "recall_at_50": {
        "mean": 0.10659338381380586,
        "lower": 0.08998185316871206,
        "upper": 0.12305453652468297,
        "n": 200
      },
      "intra_list_diversity_at_10": {
        "mean": 0.8332440183273516,
        "lower": 0.8249282544384628,
        "upper": 0.8407771678090429,
        "n": 200
      }
    },
    "niche": {
      "ndcg_at_10": {
        "mean": 0.024746480016998293,
        "lower": 0.01574719991888113,
        "upper": 0.033978476865364524,
        "n": 200
      },
      "ndcg_at_50": {
        "mean": 0.038371987532806,
        "lower": 0.029245835972379168,
        "upper": 0.04786443898726066,
        "n": 200
      },
      "recall_at_10": {
        "mean": 0.008900775636173537,
        "lower": 0.005099505862742264,
        "upper": 0.013037658068450085,
        "n": 200
      },
      "recall_at_50": {
        "mean": 0.04403756302793662,
        "lower": 0.033497783591563475,
        "upper": 0.05508761370273621,
        "n": 200
      },
      "intra_list_diversity_at_10": {
        "mean": 0.8359194732736401,
        "lower": 0.82717920579806,
        "upper": 0.8451360792332668,
        "n": 200
      }
    },
    "popular": {
      "ndcg_at_10": {
        "mean": 0.26635473469424936,
        "lower": 0.2378787103592374,
        "upper": 0.2965134336795908,
        "n": 200
      },
      "ndcg_at_50": {
        "mean": 0.2526498832831078,
        "lower": 0.23064143573811152,
        "upper": 0.27485658382010125,
        "n": 200
      },
      "recall_at_10": {
        "mean": 0.11940723822541599,
        "lower": 0.10443948124980329,
        "upper": 0.1356583995642705,
        "n": 200
      },
      "recall_at_50": {
        "mean": 0.21954333533167514,
        "lower": 0.1988065620487137,
        "upper": 0.24243998575616318,
        "n": 200
      },
      "intra_list_diversity_at_10": {
        "mean": 0.7714365359948694,
        "lower": 0.762464556878307,
        "upper": 0.7806758007655926,
        "n": 200
      }
    },
    "serendipitous": {
      "ndcg_at_10": {
        "mean": 0.1496517428609977,
        "lower": 0.12876233054806374,
        "upper": 0.17303449436464477,
        "n": 200
      },
      "ndcg_at_50": {
        "mean": 0.1413212251453194,
        "lower": 0.12433945939594414,
        "upper": 0.1608951237711572,
        "n": 200
      },
      "recall_at_10": {
        "mean": 0.06027558637644889,
        "lower": 0.05008807480212494,
        "upper": 0.0709769926365603,
        "n": 200
      },
      "recall_at_50": {
        "mean": 0.10916519333670455,
        "lower": 0.09334634172974522,
        "upper": 0.12623566315262888,
        "n": 200
      },
      "intra_list_diversity_at_10": {
        "mean": 0.9196653760861553,
        "lower": 0.9138933583307826,
        "upper": 0.9250379760177144,
        "n": 200
      }
    }
  },
  "group": {
    "average": {
      "balanced": {
        "avg_per_member_ndcg_at_10": {
          "mean": 0.061636913252644365,
          "lower": 0.04143034546245518,
          "upper": 0.08026287734259162,
          "n": 50
        },
        "avg_per_member_recall_at_50": {
          "mean": 0.04006654695481257,
          "lower": 0.029883085404165233,
          "upper": 0.04995192579787281,
          "n": 50
        },
        "fairness_cv_at_10": {
          "mean": 0.5389704974786983,
          "lower": 0.3779729898704466,
          "upper": 0.6958926495963139,
          "n": 50
        },
        "intra_list_diversity_at_10": {
          "mean": 0.7012982202982204,
          "lower": 0.6800763159371493,
          "upper": 0.7229507868366204,
          "n": 50
        }
      }
    },
    "least_misery": {
      "balanced": {
        "avg_per_member_ndcg_at_10": {
          "mean": 0.006643363517668561,
          "lower": 0.0014383913980490738,
          "upper": 0.014382874425381935,
          "n": 50
        },
        "avg_per_member_recall_at_50": {
          "mean": 0.005660858534955376,
          "lower": 0.0025675049343980606,
          "upper": 0.00928353788075076,
          "n": 50
        },
        "fairness_cv_at_10": {
          "mean": 0.22977368672754875,
          "lower": 0.08835233049023923,
          "upper": 0.3746945597127118,
          "n": 50
        },
        "intra_list_diversity_at_10": {
          "mean": 0.7051045855379191,
          "lower": 0.6815005026455027,
          "upper": 0.7282312301587304,
          "n": 50
        }
      }
    },
    "most_pleasure": {
      "balanced": {
        "avg_per_member_ndcg_at_10": {
          "mean": 0.07677615886058156,
          "lower": 0.06022196794267157,
          "upper": 0.09474003244707886,
          "n": 50
        },
        "avg_per_member_recall_at_50": {
          "mean": 0.08378730838870896,
          "lower": 0.06755010443778872,
          "upper": 0.10136384148096089,
          "n": 50
        },
        "fairness_cv_at_10": {
          "mean": 0.8896050980936974,
          "lower": 0.7589059146360746,
          "upper": 1.0168570656191456,
          "n": 50
        },
        "intra_list_diversity_at_10": {
          "mean": 0.7272574536574536,
          "lower": 0.711299897540731,
          "upper": 0.7437012986087984,
          "n": 50
        }
      }
    },
    "hybrid": {
      "balanced": {
        "avg_per_member_ndcg_at_10": {
          "mean": 0.057336739647935335,
          "lower": 0.03868564570421825,
          "upper": 0.07526862562295986,
          "n": 50
        },
        "avg_per_member_recall_at_50": {
          "mean": 0.035752647055571934,
          "lower": 0.026169658752075175,
          "upper": 0.04531843810536308,
          "n": 50
        },
        "fairness_cv_at_10": {
          "mean": 0.5213708409181811,
          "lower": 0.3633182047270918,
          "upper": 0.6694550760606637,
          "n": 50
        },
        "intra_list_diversity_at_10": {
          "mean": 0.7110662978996314,
          "lower": 0.6882522835497836,
          "upper": 0.7334906521564857,
          "n": 50
        }
      }
    },
    "group_taste_vector": {
      "balanced": {
        "avg_per_member_ndcg_at_10": {
          "mean": 0.04066947956768292,
          "lower": 0.02777032820761919,
          "upper": 0.05387561324323751,
          "n": 50
        },
        "avg_per_member_recall_at_50": {
          "mean": 0.02588649821159929,
          "lower": 0.01837183807192486,
          "upper": 0.033927385367294845,
          "n": 50
        },
        "fairness_cv_at_10": {
          "mean": 0.7976070090258263,
          "lower": 0.6157851017421818,
          "upper": 0.9691622701076988,
          "n": 50
        },
        "intra_list_diversity_at_10": {
          "mean": 0.855619368286035,
          "lower": 0.8430577733686068,
          "upper": 0.8670198753407088,
          "n": 50
        }
      }
    }
  },